initiation,date
1,"October 1974"
2,"March 1975"
3,"October 1975"
4,"May 1976"
5,"May 1977"
6,"May 1978"
7,"May 1979"
8,"May 1980"
9,"December 1980"
10,"May 1981"
11,"May 1982"
12,"May 1983"
13,"May 1984"
14,"April 1985"
15,"April 1986"
16,"April 1987"
17,"November 1987"
18,"December 1988"
19,"April 1989"
20,"December 1989"
21,"April 1990"
22,"November 1990"
23,"April 1991"
24,"November 1991"
25,"April 1992"
26,"December 1992"
27,"November 1993"
28,"April 1994"
29,"November 1994"
30,"April 1995"
31,"November 1995"
32,"April 1996"
33,"December 1996"
34,"April 1997"
35,"December 1997"
36,"October 1998"
37,"May 1999"
38,"May 2003"
39,"December 2003"
40,"May 2004"
41,"March 2005"
42,"February 2006"
43,"April 2006"
44,"January 2007"
45,"April 2007"
46,"February 2008"
47,"April 2008"
48,"May 2009"
49,"April 2010"
50,"November 2011"
51,"April 2012"
52,"April 2013"
53,"December 2013"
54,"April 2014"
55,"December 2014"
56,"April 2015"
57,"December 2015"
58,"May 2016"
59,"January 2017"
60,"April 2017"
61,"January 2018"
62,"January 2019"
63,"January 2020"
64,"April 2020"
65,"January 2021"
66,"January 2022"
67,"January 2023"
68,"January 2024"